{"_timestamp":1.7275747531019223e+09,"_runtime":137.765793256,"_step":0,"epoch":0,"loss":0.16257770799380233,"_wandb":{"runtime":137}}