{"g_loss":0.42193537950515747,"_timestamp":1.7280552357371988e+09,"_runtime":173.101979717,"_step":2556,"loss":1.8523753606750746,"epoch":0,"_wandb":{"runtime":173}}