{"epoch":9,"loss":0.16541512850672008,"g_losses":0.5198224056512117,"Q_losses":1.1343288611620665,"_timestamp":1.7280577331709428e+09,"_wandb":{"runtime":638},"_runtime":638.305852497,"_step":9}