{"loss":0.1868217005328813,"_wandb":{"runtime":135},"_timestamp":1.7280558187840447e+09,"_runtime":135.862038593,"_step":2556,"g_loss":0.4511372447013855,"epoch":0}