{"_timestamp":1.7279801358864827e+09,"_runtime":3699.860450948,"_step":31,"_wandb":{"runtime":3699},"epoch":31,"loss":0.9847655896097421}