{"epoch":1,"loss":0.15964978643298056,"_timestamp":1.727575165853076e+09,"_runtime":283.785367331,"_step":1,"_wandb":{"runtime":388}}