{"g_loss":0.4325651526451111,"_timestamp":1.728014161168157e+09,"_runtime":277.371469201,"_step":2556,"epoch":0,"loss":1.859705969154928,"_wandb":{"runtime":277}}