{"_wandb":{"runtime":243},"g_loss":1.1165897846221924,"_timestamp":1.7280548570518227e+09,"_runtime":243.296829673,"_step":2556,"epoch":0,"loss":1.8646220877090343}