{"_timestamp":1.7275772662777152e+09,"_runtime":1988.862004447,"_step":31,"epoch":31,"loss":0.06381937847472727,"_wandb":{"runtime":1988}}