{"Q_losses":0.6460474517196417,"_timestamp":1.7280598132314816e+09,"_runtime":1915.976995793,"_step":29,"epoch":29,"loss":0.09970838376320898,"_wandb":{"runtime":1916},"g_losses":0.3510363657027483}